{
  "project_info": {
    "project_number": "117619043375",
    "firebase_url": "https://wateringsystem-1efb2-default-rtdb.europe-west1.firebasedatabase.app",
    "project_id": "wateringsystem-1efb2",
    "storage_bucket": "wateringsystem-1efb2.appspot.com"
  },
  "client": [
    {
      "client_info": {
        "mobilesdk_app_id": "1:117619043375:android:d4561f6f915b54952aaada",
        "android_client_info": {
          "package_name": "com.example.projectapp"
        }
      },
      "oauth_client": [
        {
          "client_id": "117619043375-m6dmv13tlsp06sbdb227bboa3ftbako8.apps.googleusercontent.com",
          "client_type": 3
        }
      ],
      "api_key": [
        {
          "current_key": "AIzaSyB3r1edpBEXKLepE798iSjrQXRJdbQAmC8"
        }
      ],
      "services": {
        "appinvite_service": {
          "other_platform_oauth_client": [
            {
              "client_id": "117619043375-m6dmv13tlsp06sbdb227bboa3ftbako8.apps.googleusercontent.com",
              "client_type": 3
            }
          ]
        }
      }
    },
    {
      "client_info": {
        "mobilesdk_app_id": "1:117619043375:android:e7703d56e746abd32aaada",
        "android_client_info": {
          "package_name": "com.example.turnonoff"
        }
      },
      "oauth_client": [
        {
          "client_id": "117619043375-m6dmv13tlsp06sbdb227bboa3ftbako8.apps.googleusercontent.com",
          "client_type": 3
        }
      ],
      "api_key": [
        {
          "current_key": "AIzaSyB3r1edpBEXKLepE798iSjrQXRJdbQAmC8"
        }
      ],
      "services": {
        "appinvite_service": {
          "other_platform_oauth_client": [
            {
              "client_id": "117619043375-m6dmv13tlsp06sbdb227bboa3ftbako8.apps.googleusercontent.com",
              "client_type": 3
            }
          ]
        }
      }
    }
  ],
  "configuration_version": "1"
}